[{"id":"6283136394680@s.whatsapp.net","arang":0},{"id":"6283854560561@s.whatsapp.net","arang":0},{"id":"6283873336104@s.whatsapp.net","arang":0},{"id":"6285270424604@s.whatsapp.net","arang":0},{"id":"6283844676163@s.whatsapp.net","arang":0},{"id":"6285600566012@s.whatsapp.net","arang":0},{"id":"6281999275581@s.whatsapp.net","arang":0},{"id":"62895619792393@s.whatsapp.net","arang":0},{"id":"6288262095057@s.whatsapp.net","arang":0},{"id":"6289503417432@s.whatsapp.net","arang":0},{"id":"6281337906876@s.whatsapp.net","arang":0},{"id":"6285703123413@s.whatsapp.net","arang":0},{"id":"6283862522374@s.whatsapp.net","arang":0},{"id":"6285210273504@s.whatsapp.net","arang":0},{"id":"6281330969719@s.whatsapp.net","arang":0},{"id":"6282369345234@s.whatsapp.net","arang":0},{"id":"6288223674569@s.whatsapp.net","arang":0},{"id":"6288229696026@s.whatsapp.net","arang":0},{"id":"6283112180518@s.whatsapp.net","arang":0},{"id":"6283846073290@s.whatsapp.net","arang":0},{"id":"6283808174460@s.whatsapp.net","arang":0},{"id":"6285773557984@s.whatsapp.net","arang":0},{"id":"6287811299733@s.whatsapp.net","arang":0},{"id":"628981614707@s.whatsapp.net","arang":0},{"id":"6283852199353@s.whatsapp.net","arang":0},{"id":"6288902054354@s.whatsapp.net","arang":0},{"id":"6285797411233@s.whatsapp.net","arang":0}]